model,train_domain,test_domain,is_in_domain,accuracy,precision,recall,f1,roc_auc,tn,fp,fn,tp,specificity,sensitivity
BERT,imdb,imdb,True,0.9285,0.9258596700457166,0.9316,0.9287209650084738,0.97949324,4627,373,342,4658,0.9254,0.9316
BERT,imdb,amazon,False,0.91330875,0.8755926727810127,0.9635175,0.9174533158288769,0.97540291501875,345240,54760,14593,385407,0.8631,0.9635175
BERT,imdb,yelp,False,0.9143136648299734,0.9033192791678197,0.9279419388284085,0.9154650740752961,0.9718280453566269,53861,5939,4309,55490,0.900685618729097,0.9279419388284085
BERT,amazon,imdb,False,0.9319,0.9356465604196086,0.9276,0.9316059053931908,0.9800457799999998,4681,319,362,4638,0.9362,0.9276
BERT,amazon,amazon,True,0.9720525,0.9716987259555333,0.9724275,0.9720629763838561,0.9944872297125,388671,11329,11029,388971,0.9716775,0.9724275
BERT,amazon,yelp,False,0.9463791503273439,0.9289961749863392,0.9666382380976271,0.9474434728448382,0.9877145702596452,55382,4418,1995,57804,0.9261204013377926,0.9666382380976271
BERT,yelp,imdb,False,0.8879,0.9211726384364821,0.8484,0.8832899531494014,0.9614391600000001,4637,363,758,4242,0.9274,0.8484
BERT,yelp,amazon,False,0.94605,0.9474280784817237,0.94451,0.9459667888548364,0.9859570761500001,379036,20964,22196,377804,0.94759,0.94451
BERT,yelp,yelp,True,0.9713459142634971,0.9718427748761216,0.9708189100152177,0.9713305726356297,0.996032036614744,58118,1682,1745,58054,0.9718729096989966,0.9708189100152177
