model,train_domain,test_domain,is_in_domain,accuracy,precision,recall,f1,roc_auc,tn,fp,fn,tp,specificity,sensitivity
DISTILBERT,imdb,imdb,True,0.9188,0.9164677804295943,0.9216,0.9190267251695253,0.97504226,4580,420,392,4608,0.916,0.9216
DISTILBERT,imdb,amazon,False,0.92009125,0.9075420125777012,0.9354875,0.9213028903740781,0.9742156341749999,361878,38122,25805,374195,0.904695,0.9354875
DISTILBERT,imdb,yelp,False,0.9101246665942023,0.9307922009485333,0.8861352196525025,0.9079149140316459,0.9703809801575524,55860,3940,6809,52990,0.934113712374582,0.8861352196525025
DISTILBERT,amazon,imdb,False,0.9278,0.9272872552936476,0.9284,0.9278432940235859,0.9786839799999999,4636,364,358,4642,0.9272,0.9284
DISTILBERT,amazon,amazon,True,0.970495,0.9704573634109271,0.970535,0.9704961801527939,0.9943541481218751,388182,11818,11786,388214,0.970455,0.970535
DISTILBERT,amazon,yelp,False,0.9439543808894724,0.9237104187946884,0.9678422716098931,0.9452615246417051,0.9873820257729615,55020,4780,1923,57876,0.920066889632107,0.9678422716098931
DISTILBERT,yelp,imdb,False,0.8744,0.9096280087527352,0.8314,0.8687565308254963,0.95625912,4587,413,843,4157,0.9174,0.8314
DISTILBERT,yelp,amazon,False,0.94179875,0.9444733684949181,0.93879,0.941623108527783,0.98428499896875,377923,22077,24484,375516,0.9448075,0.93879
DISTILBERT,yelp,yelp,True,0.9694562663567421,0.9713239985225479,0.9674743724811452,0.9693953636447415,0.9955281746246805,58092,1708,1945,57854,0.971438127090301,0.9674743724811452
