model,train_domain,test_domain,is_in_domain,accuracy,precision,recall,f1,roc_auc,tn,fp,fn,tp,specificity,sensitivity
ROBERTA,imdb,imdb,True,0.9462,0.9419572107765452,0.951,0.9464570063694268,0.98663418,4707,293,245,4755,0.9414,0.951
ROBERTA,imdb,amazon,False,0.935675,0.9033112858657064,0.9757975,0.938156322933116,0.9840059989406249,358221,41779,9681,390319,0.8955525,0.9757975
ROBERTA,imdb,yelp,False,0.9471901938979423,0.936446279642898,0.9594976504623823,0.9478318328239861,0.9879410449476201,55906,3894,2422,57377,0.9348829431438127,0.9594976504623823
ROBERTA,amazon,imdb,False,0.9421,0.9434302908726179,0.9406,0.942013019529294,0.9851520999999999,4718,282,297,4703,0.9436,0.9406
ROBERTA,amazon,amazon,True,0.97468625,0.9746542108407682,0.97472,0.9746871043102295,0.9953623528218749,389861,10139,10112,389888,0.9746525,0.97472
ROBERTA,amazon,yelp,False,0.9623240996998302,0.9495585150495146,0.9765213465108112,0.9628512069647803,0.9938763395557951,56698,3102,1404,58395,0.9481270903010034,0.9765213465108112
ROBERTA,yelp,imdb,False,0.9168,0.9222042139384117,0.9104,0.9162640901771336,0.9755729599999999,4616,384,448,4552,0.9232,0.9104
ROBERTA,yelp,amazon,False,0.95833125,0.9578196365561485,0.95889,0.9583545194122783,0.9904976555374999,383109,16891,16444,383556,0.9577725,0.95889
ROBERTA,yelp,yelp,True,0.9772573349275495,0.9769859442113884,0.9775414304587033,0.9772636083990905,0.9973171492951778,58423,1377,1343,58456,0.9769732441471571,0.9775414304587033
